GKZ;Zeilenbeschriftungen
70701;Abfaltersbach
70301;Absam
32101;Absdorf
50201;Abtenau
31701;Achau
70901;Achenkirch
30801;Aderklaa
41501;Adlwang
61253;Admont
50202;Adnet
62138;Aflenz
20701;Afritz am See
31301;Aggsbach
61254;Aich
41801;Aichkirchen
61203;Aigen im Ennstal
41343;Aigen-Schlägl
70702;Ainet
40801;Aistersheim
21001;Albeck
31001;Alberndorf im Pulkautal
41601;Alberndorf in der Riedmark
80201;Alberschwende
61701;Albersdorf-Prebuch
31302;Albrechtsberg an der Großen Krems
70302;Aldrans
40501;Alkoven
30601;Alland
32501;Allentsteig
61001;Allerheiligen bei Wildon
41101;Allerheiligen im Mühlkreis
41001;Allhaming
30501;Allhartsberg
70501;Alpbach
80401;Altach
61204;Altaussee
41602;Altenberg bei Linz
31101;Altenburg
31801;Altendorf
41304;Altenfelden
30602;Altenmarkt an der Triesting
61205;Altenmarkt bei Sankt Gallen
50401;Altenmarkt im Pongau
40401;Altheim
20501;Althofen
31901;Altlengbach
31601;Altlichtenwarth
32519;Altmelon
40701;Altmünster
41401;Altschwendt
30902;Amaliendorf-Aalfang
70703;Amlach
70303;Ampass
41701;Ampflwang im Hausruckwald
30502;Amstetten
10701;Andau
80202;Andelsbuch
30802;Andlersdorf
41402;Andorf
41201;Andrichsfurt
70502;Angath
61756;Anger
70528;Angerberg
30803;Angern an der March
50301;Anif
31401;Annaberg
50203;Annaberg-Lungötz
70704;Anras
41002;Ansfelden
10616;Antau
50302;Anthering
41202;Antiesenhofen
10702;Apetlon
32502;Arbesbach
41102;Arbing
30503;Ardagger
61206;Ardning
61002;Arnfels
20702;Arnoldstein
41305;Arnreit
20703;Arriach
31502;Artstetten-Pöbring
70201;Arzl im Pitztal
40502;Aschach an der Donau
41502;Aschach an der Steyr
70902;Aschau im Zillertal
30504;Aschbach-Markt
40402;Aspach
31803;Aspangberg-St. Peter
31802;Aspang-Markt
31603;Asparn an der Zaya
31902;Asperhofen
70705;Assling
41003;Asten
41702;Attersee am Attersee
41703;Attnang-Puchheim
41704;Atzbach
32104;Atzenbrugg
41306;Atzesberg
80203;Au
30701;Au am Leithaberge
41307;Auberg
40403;Auerbach
30804;Auersthal
41705;Aurach am Hongar
70401;Aurach bei Kitzbühel
41203;Aurolzmünster
70706;Außervillgraten
70304;Axams
70801;Bach
41802;Bachmanning
61207;Bad Aussee
20705;Bad Bleiberg
62202;Bad Blumau
30702;Bad Deutsch-Altenburg
32306;Bad Erlach
32301;Bad Fischau-Brunn
50403;Bad Gastein
62375;Bad Gleichenberg
40702;Bad Goisern am Hallstättersee
30910;Bad Großpertholz
41503;Bad Hall
70503;Bad Häring
50402;Bad Hofgastein
40703;Bad Ischl
20601;Bad Kleinkirchheim
41108;Bad Kreuzen
41603;Bad Leonfelden
62273;Bad Loipersdorf
61255;Bad Mitterndorf
30805;Bad Pirawarth
62376;Bad Radkersburg
10611;Bad Sauerbrunn
40802;Bad Schallerbach
32302;Bad Schönau
60349;Bad Schwanberg
20901;Bad St. Leonhard im Lavanttal
10901;Bad Tatzmannsdorf
32528;Bad Traunstein
50213;Bad Vigaun
30603;Bad Vöslau
62264;Bad Waltersdorf
41803;Bad Wimsbach-Neydharting
40627;Bad Zell
30604;Baden
10931;Badersdorf
20602;Baldramsdorf
61626;Bärnbach
32503;Bärnkopf
80101;Bartholomäberg
10617;Baumgarten
41103;Baumgartenberg
70305;Baumkirchen
30506;Behamberg
30703;Berg
41706;Berg im Attergau
20603;Berg im Drautal
31303;Bergern im Dunkelsteinerwald
50303;Bergheim
31503;Bergland
30605;Berndorf
50304;Berndorf bei Salzburg
31604;Bernhardsthal
10902;Bernstein
70802;Berwang
80204;Bezau
30507;Biberbach
70803;Biberwier
70804;Bichlbach
31702;Biedermannsdorf
10426;Bildein
80205;Bildstein
70306;Birgitz
61757;Birkfeld
31201;Bisamberg
50404;Bischofshofen
31504;Bischofstetten
80206;Bizau
20801;Bleiburg
31505;Blindenmarkt
80102;Blons
80103;Bludenz
80104;Bludesch
30646;Blumau-Neurißhof
31605;Bockfließ
10401;Bocksdorf
31903;Böheimkirchen
50601;Bramberg am Wildkogel
80105;Brand
70903;Brandberg
70504;Brandenberg
31904;Brand-Laaben
30903;Brand-Nagelberg
40404;Braunau am Inn
80207;Bregenz
31804;Breitenau
62105;Breitenau am Hochlantsch
70505;Breitenbach am Inn
10301;Breitenbrunn am Neusiedler See
31703;Breitenfurt bei Wien
31805;Breitenstein
70805;Breitenwang
70402;Brixen im Thale
70506;Brixlegg
32325;Bromberg
70904;Bruck am Ziller
50602;Bruck an der Großglocknerstraße
30704;Bruck an der Leitha
62139;Bruck an der Mur
20502;Brückl
10703;Bruckneudorf
31704;Brunn am Gebirge
31102;Brunn an der Wild
41403;Brunnenthal
80208;Buch
70905;Buch in Tirol
31806;Buchbach
41804;Buchkirchen
62205;Buch-St. Magdalena
62206;Burgau
10402;Burgauberg-Neudauberg
40405;Burgkirchen
31103;Burgschleinitz-Kühnring
31842;Bürg-Vöstenhof
50305;Bürmoos
80106;Bürs
80107;Bürserberg
80108;Dalaas
80209;Damüls
62265;Dechantskirchen
20302;Dellach
20604;Dellach im Drautal
41707;Desselbrunn
62377;Deutsch Goritz
10704;Deutsch Jahrndorf
10501;Deutsch Kaltenbrunn
10903;Deutsch Schützen-Eisenberg
60659;Deutschfeistritz
20503;Deutsch-Griffen
10801;Deutschkreutz
60344;Deutschlandsberg
30808;Deutsch-Wagram
50603;Dienten am Hochkönig
41404;Diersbach
41504;Dietach
32202;Dietmanns
20802;Diex
41104;Dimbach
32203;Dobersberg
60660;Dobl-Zwaring
70707;Dölsach
10302;Donnerskirchen
80210;Doren
41405;Dorf an der Pram
50306;Dorfbeuern
50405;Dorfgastein
31506;Dorfstetten
80301;Dornbirn
31606;Drasenhofen
10601;Draßburg
10802;Draßmarkt
31104;Drosendorf-Zissersdorf
30810;Drösing
31356;Droß
31507;Dunkelsteinerwald
80402;Düns
80403;Dünserberg
30811;Dürnkrut
31304;Dürnstein
70508;Ebbs
70907;Eben am Achensee
50406;Eben im Pongau
50307;Ebenau
32304;Ebenfurth
40704;Ebensee am Traunsee
30812;Ebenthal
20402;Ebenthal in Kärnten
10403;Eberau
30729;Ebergassing
20803;Eberndorf
41204;Eberschwang
62209;Ebersdorf
41805;Eberstalzell
20504;Eberstein
30607;Ebreichsdorf
32504;Echsenbach
30813;Eckartsau
62311;Edelsbach bei Feldbach
61627;Edelschrott
10727;Edelstal
40901;Edlbach
31807;Edlitz
41806;Edt bei Lambach
40503;Eferding
80211;Egg
40406;Eggelsberg
31105;Eggenburg
32305;Eggendorf
41004;Eggendorf im Traunkreis
41406;Eggerding
30904;Eggern
60661;Eggersdorf bei Graz
70806;Ehenbichl
61049;Ehrenhausen an der Weinstraße
70807;Ehrwald
60345;Eibiswald
80212;Eichenberg
31905;Eichgraben
62314;Eichkögl
41604;Eidenberg
61101;Eisenerz
20804;Eisenkappel-Vellach
10101;Eisenstadt
30906;Eisgarn
41205;Eitzing
70808;Elbigenalp
50308;Elixhausen
70307;Ellbögen
70509;Ellmau
70809;Elmen
50309;Elsbethen
10502;Eltendorf
31553;Emmersdorf an der Donau
61007;Empersdorf
30814;Engelhartstetten
41407;Engelhartszell
41605;Engerwitzdorf
41005;Enns
30508;Ennsdorf
41408;Enzenkirchen
31808;Enzenreith
30706;Enzersdorf an der Fischa
31202;Enzersfeld im Weinviertel
30608;Enzesfeld-Lindabrunn
70510;Erl
31508;Erlauf
31203;Ernstbrunn
30509;Ernsthofen
30510;Ertl
31402;Eschenau
40804;Eschenau im Hausruckkreis
41409;Esternberg
50310;Eugendorf
30511;Euratsfeld
70601;Faggen
50311;Faistenau
31608;Falkenstein
31609;Fallbach
62378;Fehring
31809;Feistritz am Wechsel
20707;Feistritz an der Gail
20403;Feistritz im Rosental
20805;Feistritz ob Bleiburg
62266;Feistritztal
20708;Feld am See
62379;Feldbach
80404;Feldkirch
41606;Feldkirchen an der Donau
60608;Feldkirchen bei Graz
40407;Feldkirchen bei Mattighofen
21002;Feldkirchen in Kärnten
32307;Felixdorf
32106;Fels am Wagram
70602;Fendels
20405;Ferlach
20710;Ferndorf
60662;Fernitz-Mellach
30512;Ferschnitz
70403;Fieberbrunn
50407;Filzmoos
70908;Finkenberg
20711;Finkenstein am Faaker See
30730;Fischamend
61708;Fischbach
41807;Fischlham
70603;Fiss
50408;Flachau
61758;Fladnitz an der Teichalm
20607;Flattach
70308;Flaurling
70604;Fließ
70605;Flirsch
61710;Floing
62007;Fohnsdorf
80109;Fontanella
70810;Forchach
10602;Forchtenstein
41708;Fornach
50409;Forstau
40504;Fraham
10803;Frankenau-Unterpullendorf
41709;Frankenburg am Hausruck
31906;Frankenfels
41710;Frankenmarkt
40408;Franking
20905;Frantschach-St. Gertraud
80405;Frastanz
10705;Frauenkirchen
20534;Frauenstein
60305;Frauental an der Laßnitz
80406;Fraxern
41410;Freinberg
40601;Freistadt
20712;Fresach
62211;Friedberg
20505;Friesach
70309;Fritzens
60663;Frohnleiten
70909;Fügen
70910;Fügenberg
70310;Fulpmes
62267;Fürstenfeld
30609;Furth an der Triesting
31309;Furth bei Göttweig
50604;Fusch an der Großglocknerstraße
50312;Fuschl am See
80213;Fußach
31706;Gaaden
62008;Gaal
61008;Gabersdorf
31949;Gablitz
41505;Gaflenz
70708;Gaimberg
61256;Gaishorn am See
80214;Gaißau
20806;Gallizien
41607;Gallneukirchen
40805;Gallspach
70911;Gallzein
70606;Galtür
32001;Gaming
61050;Gamlitz
41711;Gampern
30817;Gänserndorf
31106;Gars am Kamp
41506;Garsten
80110;Gaschurn
61711;Gasen
40806;Gaspoltshofen
32206;Gastern
10706;Gattendorf
31611;Gaubitsch
31612;Gaweinstal
40807;Geboltskirchen
31310;Gedersdorf
41206;Geiersberg
41207;Geinberg
61628;Geistthal-Södingberg
31107;Geras
31235;Gerasdorf bei Wien
31907;Gerersdorf
10404;Gerersdorf-Sulz
40409;Geretsberg
70912;Gerlos
70913;Gerlosberg
61759;Gersdorf an der Feistritz
31311;Gföhl
31707;Gießhübl
40410;Gilgenberg am Weilhart
20320;Gitschtal
21003;Glanegg
61051;Gleinstätten
61760;Gleisdorf
30819;Glinzendorf
20807;Globasnitz
20506;Glödnitz
31810;Gloggnitz
30908;Gmünd
20608;Gmünd in Kärnten
40705;Gmunden
31613;Gnadendorf
70311;Gnadenwald
62380;Gnas
21004;Gnesau
80407;Göfis
70404;Going am Wilden Kaiser
50410;Goldegg
41608;Goldwörth
31008;Göllersdorf
31509;Golling an der Erlauf
50204;Golling an der Salzach
10707;Gols
50313;Göming
32505;Göpfritz an der Wild
50501;Göriach
40706;Gosau
60611;Gössendorf
32002;Göstling an der Ybbs
30708;Göttlesbrunn-Arbesthal
30709;Götzendorf an der Leitha
70312;Götzens
80408;Götzis
31009;Grabern
31811;Grafenbach-St. Valentin
62268;Grafendorf bei Hartberg
31308;Grafenegg
10904;Grafenschachen
32506;Grafenschlag
20409;Grafenstein
32107;Grafenwörth
61012;Gralla
70812;Gramais
41609;Gramastetten
30731;Gramatneusiedl
70811;Grän
60613;Gratkorn
60664;Gratwein-Straßengel
60101;Graz
20609;Greifenburg
41105;Grein
62214;Greinbach
32003;Gresten
32004;Gresten-Land
70313;Gries am Brenner
70314;Gries im Sellrain
40808;Grieskirchen
20808;Griffen
31812;Grimmenstein
70607;Grins
70315;Grinzens
61213;Gröbming
50314;Grödig
32508;Groß Gerungs
60346;Groß Sankt Florian
50411;Großarl
30909;Großdietmanns
31614;Großebersdorf
31615;Großengersdorf
30821;Groß-Enzersdorf
50315;Großgmain
32509;Großgöttfritz
31616;Großharras
30822;Großhofen
10303;Großhöflein
20605;Großkirchheim
61013;Großklein
31617;Großkrut
31204;Großmugl
10420;Großmürbisch
10905;Großpetersdorf
41507;Großraming
32109;Großriedenthal
31205;Großrußbach
30912;Großschönau
30824;Groß-Schweinbarth
32207;Groß-Siegharts
62216;Großsteinbach
10804;Großwarasdorf
32110;Großweikersdorf
62269;Großwilfersdorf
40707;Grünau im Almtal
40602;Grünbach
31813;Grünbach am Schneeberg
40902;Grünburg
61215;Grundlsee
70317;Gschnitz
40708;Gschwandt
31709;Gumpoldskirchen
30612;Günselsdorf
41808;Gunskirchen
31014;Guntersdorf
31710;Guntramsdorf
20508;Gurk
41208;Gurten
10405;Güssing
40603;Gutau
61761;Gutenberg
32511;Gutenbrunn
32308;Gutenstein
20509;Guttaring
10406;Güttenbach
30514;Haag
40809;Haag am Hausruck
10418;Hackerberg
31315;Hadersdorf-Kammern
31015;Hadres
31910;Hafnerbach
40604;Hagenberg im Mühlkreis
31206;Hagenbrunn
41610;Haibach im Mühlkreis
40505;Haibach ob der Donau
30515;Haidershofen
40411;Haigermoos
70202;Haiming
30710;Hainburg a.d. Donau
31403;Hainfeld
70914;Hainzenberg
62326;Halbenrain
10708;Halbturn
70354;Hall in Tirol
50205;Hallein
40709;Hallstatt
50316;Hallwang
40412;Handenberg
10906;Hannersdorf
80215;Hard
31016;Hardegg
41006;Hargelsberg
30825;Haringsee
31207;Harmannsdorf
60617;Hart bei Graz
70915;Hart im Zillertal
62219;Hartberg
62220;Hartberg Umgebung
40506;Hartkirchen
62270;Hartl
70813;Häselgehr
60618;Haselsdorf-Tobelbad
41309;Haslach an der Mühl
30711;Haslau-Maria Ellend
70318;Hatting
30915;Haugschlag
31018;Haugsdorf
31911;Haunoldstein
61217;Haus
31620;Hausbrunn
30826;Hauskirchen
31208;Hausleiten
60619;Hausmannstätten
30916;Heidenreichstein
40810;Heiligenberg
20610;Heiligenblut am Großglockner
10407;Heiligenbrunn
30613;Heiligenkreuz
61052;Heiligenkreuz am Waasen
10503;Heiligenkreuz im Lafnitztal
61016;Heimschuh
70735;Heinfels
70814;Heiterwang
31019;Heldenberg
41345;Helfenberg
41611;Hellmonsödt
40413;Helpfau-Uttendorf
61017;Hengsberg
50317;Henndorf am Wallersee
31711;Hennersdorf
20305;Hermagor-Pressegger See
30614;Hernstein
31621;Herrnbaumgarten
31912;Herzogenburg
41612;Herzogsdorf
10424;Heugraben
30732;Himberg
21005;Himmelberg
31712;Hinterbrühl
70815;Hinterhornbach
50318;Hintersee
40903;Hinterstoder
40507;Hinzenbach
70916;Hippach
10603;Hirm
30917;Hirschbach
40605;Hirschbach im Mühlkreis
61629;Hirschegg-Pack
30615;Hirtenberg
80216;Hittisau
60665;Hitzendorf
40414;Hochburg-Ach
70405;Hochfilzen
31622;Hochleithen
32309;Hochneukirchen-Gschaidt
80217;Höchst
32310;Hochwolkersdorf
30713;Hof am Leithaberge
50319;Hof bei Salzburg
31511;Hofamt Priel
70816;Höfen
40811;Hofkirchen an der Trattnach
41312;Hofkirchen im Mühlkreis
41008;Hofkirchen im Traunkreis
30712;Höflein
31849;Höflein an der Hohen Wand
61719;Hofstätten an der Raab
31909;Hofstetten-Grünau
32311;Hohe Wand
30827;Hohenau an der March
31404;Hohenberg
30920;Hoheneich
80302;Hohenems
30828;Hohenruppersdorf
62010;Hohentauern
20713;Hohenthurn
31021;Hohenwarth-Mühlbach a.M.
80219;Hohenweiler
41209;Hohenzell
40415;Höhnhart
31022;Hollabrunn
30516;Hollenstein an der Ybbs
32312;Hollenthon
50605;Hollersbach im Pinzgau
70817;Holzgau
41809;Holzhausen
70406;Hopfgarten im Brixental
70709;Hopfgarten in Defereggen
41311;Hörbich
80218;Hörbranz
10805;Horitschon
31109;Horn
10304;Hornstein
41007;Hörsching
30715;Hundsheim
31513;Hürm
50412;Hüttau
20511;Hüttenberg
50413;Hüttschlag
10709;Illmitz
62271;Ilz
61762;Ilztal
70203;Imst
70204;Imsterberg
80111;Innerbraz
41712;Innerschwand am Mondsee
70710;Innervillgraten
70101;Innsbruck
10421;Inzenhof
40904;Inzersdorf im Kremstal
31913;Inzersdorf-Getzersdorf
70319;Inzing
61257;Irdning-Donnersbachtal
31110;Irnfritz-Messern
20611;Irschen
70608;Ischgl
70711;Iselsberg-Stronach
70407;Itter
10930;Jabing
62330;Jagerberg
31319;Jaidhof
31111;Japons
30829;Jedenspeigen
40416;Jeging
70917;Jenbach
10504;Jennersdorf
70205;Jerzens
70408;Jochberg
10710;Jois
32112;Judenau-Baumgarten
62040;Judenburg
41313;Julbach
70818;Jungholz
61630;Kainach bei Voitsberg
60623;Kainbach bei Graz
62272;Kaindorf
70819;Kaisers
10806;Kaisersdorf
40812;Kallham
70712;Kals am Großglockner
60624;Kalsdorf bei Graz
70918;Kaltenbach
40606;Kaltenberg
31713;Kaltenleutgeben
61105;Kalwang
61106;Kammern im Liesingtal
31915;Kapelln
62140;Kapfenberg
62332;Kapfenstein
20512;Kappel am Krappfeld
70609;Kappl
50606;Kaprun
32209;Karlstein an der Thaya
31916;Karlstetten
70206;Karres
70207;Karrösten
70713;Kartitsch
31917;Kasten bei Böheimkirchen
41106;Katsdorf
32313;Katzelsdorf
31405;Kaumberg
70610;Kaunerberg
70611;Kaunertal
70612;Kauns
32210;Kautzen
40607;Kefermarkt
40813;Kematen am Innbach
41009;Kematen an der Krems
30517;Kematen an der Ybbs
70320;Kematen in Tirol
10907;Kemeten
80220;Kennelbach
20412;Keutschach am See
31514;Kilb
62141;Kindberg
20306;Kirchbach
62381;Kirchbach-Zerlach
32114;Kirchberg am Wagram
30921;Kirchberg am Walde
31814;Kirchberg am Wechsel
31918;Kirchberg an der Pielach
62382;Kirchberg an der Raab
40417;Kirchberg bei Mattighofen
70409;Kirchberg in Tirol
41314;Kirchberg ob der Donau
41010;Kirchberg-Thening
70511;Kirchbichl
41210;Kirchdorf am Inn
40905;Kirchdorf an der Krems
70410;Kirchdorf in Tirol
40710;Kirchham
41211;Kirchheim im Innkreis
32514;Kirchschlag
41613;Kirchschlag bei Linz
32314;Kirchschlag in der Buckligen Welt
31919;Kirchstetten
31515;Kirnberg an der Mank
10711;Kittsee
70411;Kitzbühel
61019;Kitzeck im Sausal
41315;Klaffer am Hochficht
20101;Klagenfurt am Wörthersee
41107;Klam
80409;Klaus
40906;Klaus an der Pyhrnbahn
30616;Klausen-Leopoldsdorf
20613;Kleblach-Lind
20513;Klein St. Paul
50414;Kleinarl
10422;Kleinmürbisch
30733;Klein-Neusiedl
31516;Klein-Pöchlarn
31406;Kleinzell
41316;Kleinzell im Mühlkreis
10305;Klingenbach
62335;Klöch
80112;Klösterle
32144;Klosterneuburg
62041;Knittelfeld
62014;Kobenz
10807;Kobersdorf
80410;Koblach
61631;Köflach
10908;Kohfidisch
41317;Kollerschlag
70322;Kolsass
70323;Kolsassberg
32115;Königsbrunn am Wagram
10511;Königsdorf
32116;Königstetten
40608;Königswiesen
41411;Kopfing im Innkreis
50321;Koppl
31213;Korneuburg
70412;Kössen
50320;Köstendorf
20307;Kötschach-Mauthen
32515;Kottes-Purk
30618;Kottingbrunn
20414;Köttmannsdorf
61437;Krakau
70512;Kramsach
61107;Kraubath an der Mur
30101;Krems an der Donau
20642;Krems in Kärnten
40907;Kremsmünster
41810;Krenglbach
10619;Krensdorf
31627;Kreuttal
31628;Kreuzstetten
62115;Krieglach
50607;Krimml
50206;Krispl
41011;Kronstorf
61611;Krottendorf-Gaisfeld
31321;Krumau am Kamp
32315;Krumbach
31517;Krummnußbaum
20415;Krumpendorf am Wörthersee
50207;Kuchl
70513;Kufstein
10408;Kukmirn
60626;Kumberg
70514;Kundl
31629;Laa an der Thaya
31714;Laab im Walde
40711;Laakirchen
10808;Lackenbach
10824;Lackendorf
31630;Ladendorf
70613;Ladis
62226;Lafnitz
41811;Lambach
41212;Lambrechten
50322;Lamprechtshausen
70614;Landeck
61258;Landl
61020;Lang
31113;Langau
80222;Langen bei Bregenz
80223;Langenegg
70208;Längenfeld
31322;Langenlois
32119;Langenrohr
41109;Langenstein
62116;Langenwang
31214;Langenzersdorf
70515;Langkampfen
32516;Langschlag
60318;Lannach
70325;Lans
30734;Lanzendorf
32316;Lanzenkirchen
40609;Lasberg
30830;Lassee
61222;Lassing
60628;Laßnitzhöhe
80411;Laterns
41508;Laussa
80224;Lauterach
20909;Lavamünd
70714;Lavant
31715;Laxenburg
61021;Lebring-Sankt Margarethen
80113;Lech
70820;Lechaschau
31519;Leiben
61053;Leibnitz
70715;Leisach
10306;Leithaprodersdorf
31215;Leitzersdorf
41318;Lembach im Mühlkreis
50608;Lend
20616;Lendorf
40418;Lengau
31323;Lengenfeld
41713;Lenzing
61108;Leoben
31216;Leobendorf
30620;Leobersdorf
50609;Leogang
41012;Leonding
40610;Leopoldschlag
30735;Leopoldsdorf
30831;Leopoldsdorf im Marchfeld
70821;Lermoos
20321;Lesachtal
50502;Lessach
70326;Leutasch
61054;Leutschach an der Weinstraße
41319;Lichtenau im Mühlkreis
31324;Lichtenau im Waldviertel
41614;Lichtenberg
32317;Lichtenegg
32318;Lichtenwörth
40611;Liebenau
20515;Liebenfels
60629;Lieboch
70716;Lienz
61259;Liezen
61612;Ligist
31407;Lilienfeld
80225;Lingenau
40101;Linz
30925;Litschau
10909;Litzelsdorf
62039;Lobmingtal
80226;Lochau
40419;Lochen am See
10809;Lockenhaus
50610;Lofer
41213;Lohnsburg am Kobernaußerwald
31920;Loich
10604;Loipersbach im Burgenland
10910;Loipersdorf-Kitzladen
31520;Loosdorf
10320;Loretto
80114;Lorüns
41509;Losenstein
61727;Ludersdorf-Wilfersdorf
80115;Ludesch
20416;Ludmannsdorf
32212;Ludweis-Aigen
41110;Luftenberg an der Donau
32005;Lunz am See
20643;Lurnfeld
80303;Lustenau
10810;Lutzmannsburg
80412;Mäder
20442;Magdalensberg
31025;Mailberg
50611;Maishofen
31026;Maissau
20618;Mallnitz
20619;Malta
31521;Mank
30716;Mannersdorf am Leithagebirge
10811;Mannersdorf an der Rabnitz
41714;Manning
30834;Mannsdorf an der Donau
31522;Marbach an der Donau
30835;Marchegg
41812;Marchtrenk
50612;Maria Alm am Steinernen Meer
31921;Maria Anzbach
31716;Maria Enzersdorf
31326;Maria Laach am Jauerling
61632;Maria Lankowitz
41510;Maria Neustift
20417;Maria Rain
20418;Maria Saal
40420;Maria Schmolln
31523;Maria Taferl
20419;Maria Wörth
30736;Maria-Lanzendorf
50503;Mariapfarr
10911;Mariasdorf
70516;Mariastein
62142;Mariazell
31922;Markersdorf-Haindorf
30836;Markgrafneusiedl
10912;Markt Allhau
61716;Markt Hartmannsdorf
10913;Markt Neuhodis
32319;Markt Piesting
10812;Markt Sankt Martin
32517;Martinsberg
10605;Marz
70370;Matrei am Brenner
70717;Matrei in Osttirol
10606;Mattersburg
40421;Mattighofen
50323;Mattsee
32320;Matzendorf-Hölles
30838;Matzen-Raggendorf
31950;Mauerbach
40422;Mauerkirchen
31327;Mautern an der Donau
61109;Mautern in Steiermark
50504;Mauterndorf
41111;Mauthausen
41412;Mayrhof
70920;Mayrhofen
40814;Meggenhofen
41214;Mehrnbach
80413;Meiningen
31114;Meiseldorf
31524;Melk
80227;Mellau
20518;Metnitz
62343;Mettersdorf am Saßbach
41215;Mettmach
61260;Michaelerberg-Pruggern
40815;Michaelnbach
31923;Michelbach
20519;Micheldorf
40908;Micheldorf in Oberösterreich
32120;Michelhausen
70328;Mieders
70209;Mieming
32321;Miesenbach
61728;Miesenbach bei Birkfeld
20620;Millstatt am See
70329;Mils
70210;Mils bei Imst
10505;Minihof-Liebau
40423;Mining
10914;Mischendorf
31633;Mistelbach
80228;Mittelberg
31408;Mitterbach am Erlaufsee
61261;Mitterberg-Sankt Martin
61729;Mitterdorf an der Raab
41112;Mitterkirchen im Machland
30621;Mitterndorf an der Fischa
50613;Mittersill
31717;Mödling
10506;Mogersdorf
80229;Möggers
20520;Mölbling
40909;Molln
10712;Mönchhof
41715;Mondsee
31815;Mönichkirchen
30913;Moorbad Harbach
40424;Moosbach
30737;Moosbrunn
20421;Moosburg
40425;Moosdorf
61615;Mooskirchen
10307;Mörbisch am See
41216;Mörschwang
61730;Mortantsch
20622;Mörtschach
10428;Moschendorf
70211;Mötz
32143;Muckendorf-Wipfing
32322;Muggendorf
50415;Mühlbach am Hochkönig
31330;Mühldorf
61410;Mühlen
10512;Mühlgraben
41217;Mühlheim am Inn
50505;Muhr
10308;Müllendorf
31718;Münchendorf
40426;Munderfing
31525;Münichreith-Laimbach
70517;Münster
41113;Münzbach
41413;Münzkirchen
61438;Murau
62383;Mureck
62143;Mürzzuschlag
70822;Musau
70331;Mutters
41114;Naarn im Machlande
61731;Naas
70823;Namlos
31028;Nappersdorf-Kammersdorf
70212;Nassereith
31817;Natschbach-Loipersbach
40816;Natternbach
70332;Natters
70615;Nauders
70333;Navis
41320;Nebelberg
10813;Neckenmarkt
31925;Neidling
80116;Nenzing
70824;Nesselwängle
60666;Nestelbach bei Graz
62144;Neuberg an der Mürz
10409;Neuberg im Burgenland
62274;Neudau
10725;Neudorf
31634;Neudorf im Weinviertel
10607;Neudörfl
10309;Neufeld an der Leitha
41321;Neufelden
20810;Neuhaus
10507;Neuhaus am Klausenbach
41014;Neuhofen an der Krems
30520;Neuhofen an der Ybbs
41218;Neuhofen im Innkreis
50614;Neukirchen am Großvenediger
40817;Neukirchen am Walde
40427;Neukirchen an der Enknach
41716;Neukirchen an der Vöckla
41813;Neukirchen bei Lambach
31926;Neulengbach
50324;Neumarkt am Wallersee
31527;Neumarkt an der Ybbs
40818;Neumarkt im Hausruckkreis
40612;Neumarkt im Mühlkreis
61439;Neumarkt in der Steiermark
31818;Neunkirchen
10713;Neusiedl am See
30841;Neusiedl an der Zaya
30521;Neustadtl an der Donau
10929;Neustift an der Lafnitz
10410;Neustift bei Güssing
41329;Neustift im Mühlkreis
70334;Neustift im Stubaital
31927;Neustift-Innermanzing
10814;Neutal
10714;Nickelsdorf
31234;Niederhollabrunn
41322;Niederkappel
31636;Niederleis
70518;Niederndorf
70519;Niederndorferberg
41015;Niederneukirchen
50615;Niedernsill
41717;Niederthalheim
41323;Niederwaldkirchen
61413;Niederwölz
10815;Nikitsch
61110;Niklasdorf
70718;Nikolsdorf
31528;Nöchling
20719;Nötsch im Gailtal
40910;Nußbach
41718;Nußdorf am Attersee
50325;Nußdorf am Haunsberg
31928;Nußdorf ob der Traisen
70719;Nußdorf-Debant
80117;Nüziders
62042;Obdach
50208;Oberalm
10915;Oberdorf im Burgenland
20625;Oberdrauburg
31929;Ober-Grafendorf
61024;Oberhaag
41719;Oberhofen am Irrsee
70335;Oberhofen im Inntal
41324;Oberkappel
70720;Oberlienz
10828;Oberloisdorf
70336;Obernberg am Brenner
41219;Obernberg am Inn
32006;Oberndorf an der Melk
50326;Oberndorf bei Salzburg
41720;Oberndorf bei Schwanenstadt
70413;Oberndorf in Tirol
41615;Oberneukirchen
70337;Oberperfuss
10816;Oberpullendorf
40911;Oberschlierbach
10916;Oberschützen
30842;Obersiebenbrunn
70721;Obertilliach
40712;Obertraun
50327;Obertrum am See
20627;Obervellach
30623;Oberwaltersdorf
41721;Oberwang
10917;Oberwart
61440;Oberwölz
61262;Öblarn
31930;Obritzberg-Rust
70213;Obsteig
30522;Oed-Oehling
41325;Oepping
70214;Oetz
41814;Offenhausen
41016;Oftering
10310;Oggau am Neusiedler See
40713;Ohlsdorf
10411;Olbendorf
10412;Ollersdorf im Burgenland
30524;Opponitz
41220;Ort im Innkreis
30844;Orth an der Donau
10311;Oslip
21006;Ossiach
40428;Ostermiething
62232;Ottendorf an der Rittschein
32518;Ottenschlag
41616;Ottenschlag im Mühlkreis
41617;Ottensheim
31658;Ottenthal
31820;Otterthal
41722;Ottnang am Hausruck
41115;Pabneukirchen
62384;Paldau
30845;Palterndorf-Dobermannsdorf
40429;Palting
10715;Pama
10716;Pamhagen
30846;Parbasdorf
10717;Parndorf
41017;Pasching
61763;Passail
20720;Paternion
70338;Patsch
41221;Pattigham
31333;Paudorf
31821;Payerbach
60632;Peggau
41326;Peilstein im Mühlviertel
41815;Pennewang
31719;Perchtoldsdorf
41116;Perg
31117;Pernegg
62125;Pernegg an der Mur
31033;Pernersdorf
32323;Pernitz
31946;Perschling
31530;Persenbeug-Gottsdorf
40430;Perwang am Grabensee
41222;Peterskirchen
30718;Petronell-Carnuntum
40912;Pettenbach
70339;Pettnau
70616;Pettneu am Arlberg
31531;Petzenkirchen
40835;Peuerbach
70340;Pfaffenhofen
32214;Pfaffenschlag bei Waidhofen a.d.Thaya
41723;Pfaffing
70825;Pfafflar
40431;Pfaffstätt
30625;Pfaffstätten
41511;Pfarrkirchen bei Bad Hall
41327;Pfarrkirchen im Mühlkreis
50416;Pfarrwerfen
70826;Pflach
70617;Pfunds
70618;Pians
41018;Piberbach
41816;Pichl bei Wels
40613;Pierbach
50616;Piesendorf
10817;Pilgersdorf
70921;Pill
31642;Pillichsdorf
41724;Pilsbach
62233;Pinggau
10918;Pinkafeld
40714;Pinsdorf
70827;Pinswang
62385;Pirching am Traubenberg
10818;Piringsdorf
40432;Pischelsdorf am Engelbach
61764;Pischelsdorf am Kulm
31823;Pitten
41725;Pitzenberg
50328;Plainfeld
31533;Pöchlarn
10718;Podersdorf am See
20425;Poggersdorf
31534;Pöggstall
60323;Pölfing-Brunn
32520;Pölla
62275;Pöllau
62235;Pöllauberg
40821;Pollham
40433;Polling im Innkreis
70342;Polling in Tirol
62043;Pöls-Oberkurzheim
62044;Pölstal
41726;Pöndorf
20424;Pörtschach am Wörther See
10608;Pöttelsdorf
30626;Pottendorf
30627;Pottenstein
40820;Pötting
10609;Pöttsching
10726;Potzneusiedl
31644;Poysdorf
70723;Prägraten am Großvenediger
40822;Pram
40508;Prambachkirchen
41223;Pramet
60324;Preding
40614;Pregarten
20911;Preitenegg
30719;Prellenkirchen
60670;Premstätten
31951;Pressbaum
31825;Prigglitz
31932;Prinzersdorf
61111;Proleb
30848;Prottes
70619;Prutz
50209;Puch bei Hallein
61740;Puch bei Weiz
31826;Puchberg am Schneeberg
41618;Puchenau
32007;Puchenstuben
41727;Puchkirchen am Trattberg
41019;Pucking
41728;Pühret
31035;Pulkau
40509;Pupping
10312;Purbach am Neusiedler See
32008;Purgstall an der Erlauf
31952;Purkersdorf
62021;Pusterwald
41328;Putzleinsdorf
31934;Pyhra
41414;Raab
60667;Raaba-Grambach
32216;Raabs an der Thaya
31827;Raach am Hochgebirge
30849;Raasdorf
31645;Rabensburg
31935;Rabenstein an der Pielach
20630;Radenthein
70520;Radfeld
61112;Radmer
50417;Radstadt
80118;Raggal
61027;Ragnitz
10819;Raiding
41415;Rainbach im Innkreis
40615;Rainbach im Mühlkreis
50506;Ramingstein
31409;Ramsau
61236;Ramsau am Dachstein
70922;Ramsau im Zillertal
32009;Randegg
20631;Rangersdorf
70343;Ranggen
80414;Rankweil
61441;Ranten
32521;Rappottenstein
31336;Rastenfeld
61741;Ratten
70521;Rattenberg
30738;Rauchenwarth
10427;Rauchwart
50617;Rauris
31036;Ravelsbach
31535;Raxendorf
41117;Rechberg
10919;Rechnitz
41729;Redleiten
41730;Redlham
41731;Regau
21007;Reichenau
31829;Reichenau an der Rax
41619;Reichenau im Mühlkreis
20912;Reichenfels
41620;Reichenthal
41224;Reichersberg
41512;Reichraming
30929;Reingers
32010;Reinsberg
30629;Reisenberg
20644;Reißeck
70414;Reith bei Kitzbühel
70344;Reith bei Seefeld
70522;Reith im Alpbachtal
20632;Rennweg am Katschberg
61743;Rettenegg
70523;Rettenschöss
31037;Retz
31038;Retzbach
80230;Reuthe
70828;Reutte
41225;Ried im Innkreis
70620;Ried im Oberinntal
40913;Ried im Traunkreis
70923;Ried im Zillertal
41118;Ried in der Riedmark
41416;Riedau
10920;Riedlingsdorf
80231;Riefensberg
62386;Riegersburg
70215;Rietz
30850;Ringelsdorf-Niederabsdorf
70345;Rinn
10820;Ritzing
62276;Rohr bei Hartberg
10425;Rohr im Burgenland
32324;Rohr im Gebirge
41513;Rohr im Kremstal
30721;Rohrau
31410;Rohrbach an der Gölsen
62277;Rohrbach an der Lafnitz
10610;Rohrbach bei Mattersburg
41344;Rohrbach-Berg
70924;Rohrberg
31119;Röhrenbach
31337;Rohrendorf bei Krems
40715;Roitham am Traunfall
80415;Röns
70216;Roppen
31120;Röschitz
20721;Rosegg
40914;Rosenau am Hengstpaß
31121;Rosenburg-Mold
61618;Rosental an der Kainach
31338;Rossatz-Arnsdorf
40434;Roßbach
40915;Roßleithen
10921;Rotenturm an der Pinka
80416;Röthis
40823;Rottenbach
61263;Rottenmann
20812;Ruden
10508;Rudersdorf
70346;Rum
31537;Ruprechtshofen
31224;Rußbach
50210;Rußbach am Paß Gschütt
10201;Rust
41732;Rüstorf
41733;Rutzenham
50618;Saalbach-Hinterglemm
50619;Saalfelden am Steinernen Meer
20633;Sachsenburg
32522;Sallingberg
50101;Salzburg
40616;Sandl
41417;Sankt Aegidi
40824;Sankt Agatha
10719;Sankt Andrä am Zicksee
50507;Sankt Andrä im Lungau
61030;Sankt Andrä-Höch
62387;Sankt Anna am Aigen
62145;Sankt Barbara im Mürztal
60639;Sankt Bartholomä
41013;Sankt Florian
41418;Sankt Florian am Inn
61264;Sankt Gallen
61442;Sankt Georgen am Kreischberg
41119;Sankt Georgen am Walde
41120;Sankt Georgen an der Gusen
61055;Sankt Georgen an der Stiefing
40825;Sankt Georgen bei Grieskirchen
41226;Sankt Georgen bei Obernberg am Inn
50329;Sankt Georgen bei Salzburg
41734;Sankt Georgen im Attergau
62026;Sankt Georgen ob Judenburg
50330;Sankt Gilgen
41621;Sankt Gotthard im Mühlkreis
62242;Sankt Jakob im Walde
40436;Sankt Johann am Walde
41331;Sankt Johann am Wimberg
50418;Sankt Johann im Pongau
61032;Sankt Johann im Saggautal
62244;Sankt Johann in der Haide
60326;Sankt Josef (Weststeiermark)
61745;Sankt Kathrein am Offenegg
50211;Sankt Koloman
40716;Sankt Konrad
61443;Sankt Lambrecht
40617;Sankt Leonhard bei Freistadt
41735;Sankt Lorenz
62245;Sankt Lorenzen am Wechsel
62128;Sankt Lorenzen im Mürztal
60668;Sankt Marein bei Graz
62146;Sankt Marein im Mürztal
62045;Sankt Marein-Feistritz
62046;Sankt Margarethen bei Knittelfeld
10313;Sankt Margarethen im Burgenland
50508;Sankt Margarethen im Lungau
41020;Sankt Marien
41227;Sankt Marienkirchen am Hausruck
40510;Sankt Marienkirchen an der Polsenz
41419;Sankt Marienkirchen bei Schärding
50419;Sankt Martin am Tennengebirge
61621;Sankt Martin am Wöllmißberg
10509;Sankt Martin an der Raab
50620;Sankt Martin bei Lofer
41228;Sankt Martin im Innkreis
60347;Sankt Martin im Sulmtal
10413;Sankt Michael im Burgenland
50509;Sankt Michael im Lungau
61113;Sankt Michael in Obersteiermark
41121;Sankt Nikola an der Donau
61033;Sankt Nikolai im Sausal
40618;Sankt Oswald bei Freistadt
41333;Sankt Oswald bei Haslach
60641;Sankt Oswald bei Plankenwarth
40916;Sankt Pankraz
40437;Sankt Pantaleon
40438;Sankt Peter am Hart
62388;Sankt Peter am Ottersbach
41334;Sankt Peter am Wimberg
60329;Sankt Peter im Sulmtal
62032;Sankt Peter ob Judenburg
61114;Sankt Peter-Freienstein
40439;Sankt Radegund
60642;Sankt Radegund bei Graz
61765;Sankt Ruprecht an der Raab
62389;Sankt Stefan im Rosental
61115;Sankt Stefan ob Leoben
60348;Sankt Stefan ob Stainz
40826;Sankt Thomas
41122;Sankt Thomas am Blasenstein
41514;Sankt Ulrich bei Steyr
41336;Sankt Ulrich im Mühlkreis
40440;Sankt Veit im Innkreis
41337;Sankt Veit im Mühlkreis
50420;Sankt Veit im Pongau
61060;Sankt Veit in der Südsteiermark
41421;Sankt Willibald
41338;Sarleinsbach
80417;Satteins
41817;Sattledt
70218;Sautens
41123;Saxen
10922;Schachendorf
62247;Schäffern
40441;Schalchen
10932;Schandorf
41423;Schardenberg
41422;Schärding
30722;Scharndorf
70348;Scharnitz
40719;Scharnstein
40511;Scharten
10612;Schattendorf
70829;Schattwald
50212;Scheffau am Tennengebirge
70524;Scheffau am Wilden Kaiser
32013;Scheibbs
31832;Scheiblingkirchen-Thernberg
61444;Scheifling
41622;Schenkenfelden
41515;Schiedlberg
20432;Schiefling am Wörthersee
41229;Schildorn
61265;Schladming
70727;Schlaiten
41736;Schlatt
50331;Schleedorf
41818;Schleißheim
40917;Schlierbach
80418;Schlins
70925;Schlitters
40827;Schlüßlberg
70349;Schmirn
80232;Schnepfau
80419;Schnifis
61428;Schöder
31543;Schollach
30631;Schönau an der Triesting
40619;Schönau im Mühlkreis
32523;Schönbach
31355;Schönberg am Kamp
70350;Schönberg im Stubaital
31542;Schönbühel-Aggsbach
30852;Schönkirchen-Reyersdorf
70622;Schönwies
80233;Schoppernau
41737;Schörfling am Attersee
31833;Schottwien
31834;Schrattenbach
31646;Schrattenberg
31041;Schrattenthal
30935;Schrems
80234;Schröcken
80122;Schruns
10314;Schützen am Gebirge
30739;Schwadorf
40442;Schwand im Innkreis
41738;Schwanenstadt
80235;Schwarzach
50421;Schwarzach im Pongau
31835;Schwarzau am Steinfeld
31836;Schwarzau im Gebirge
61057;Schwarzautal
32524;Schwarzenau
32326;Schwarzenbach
31939;Schwarzenbach an der Pielach
80236;Schwarzenberg
41341;Schwarzenberg am Böhmerwald
70926;Schwaz
30740;Schwechat
32525;Schweiggers
70927;Schwendau
70418;Schwendt
41124;Schwertberg
70525;Schwoich
62034;Seckau
70623;See
31837;Seebenstein
20634;Seeboden am Millstätter See
70351;Seefeld in Tirol
31042;Seefeld-Kadolz
50332;Seeham
50339;Seekirchen am Wallersee
41739;Seewalchen am Attersee
30633;Seibersdorf
60669;Seiersberg-Pirka
30532;Seitenstetten
70352;Sellrain
61243;Selzthal
31838;Semmering
60645;Semriach
41230;Senftenbach
31343;Senftenberg
70624;Serfaus
80237;Sibratsgfäll
10315;Siegendorf
10613;Sieggraben
32131;Sieghartskirchen
31226;Sierndorf
41516;Sierning
41424;Sigharting
10614;Sigleß
31124;Sigmundsherberg
80123;Silbertal
70728;Sillian
70219;Silz
61748;Sinabelkirchen
41819;Sipbachzell
70353;Sistrans
20815;Sittersdorf
32132;Sitzenberg-Reidling
31043;Sitzendorf an der Schmida
62252;Söchau
61633;Söding-Sankt Johann
70220;Sölden
61266;Sölk
70526;Söll
32327;Sollenau
30724;Sommerein
41623;Sonnberg im Mühlkreis
80124;Sonntag
30533;Sonntagberg
30635;Sooß
30854;Spannberg
62047;Spielberg
31227;Spillern
70625;Spiss
40918;Spital am Pyhrn
62131;Spital am Semmering
20635;Spittal an der Drau
31344;Spitz
31411;St. Aegyd am Neuwalde
20913;St. Andrä
32142;St. Andrä-Wördern
70621;St. Anton am Arlberg
32011;St. Anton an der Jeßnitz
80119;St. Anton im Montafon
31123;St. Bernhard-Frauenhofen
31830;St. Corona am Wechsel
31831;St. Egyden am Steinfeld
80120;St. Gallenkirch
40435;St. Georgen am Fillmannsbach
20523;St. Georgen am Längsee
30526;St. Georgen am Reith
30527;St. Georgen am Ybbsfelde
32012;St. Georgen an der Leys
20914;St. Georgen im Lavanttal
80121;St. Gerold
20722;St. Jakob im Rosental
70724;St. Jakob in Defereggen
70415;St. Jakob in Haus
70725;St. Johann im Walde
70416;St. Johann in Tirol
20813;St. Kanzian am Klopeiner See
61744;St. Kathrein am Hauenstein
31539;St. Leonhard am Forst
31340;St. Leonhard am Hornerwald
70217;St. Leonhard im Pitztal
20428;St. Margareten im Rosental
61746;St. Margarethen an der Raab
31938;St. Margarethen an der Sierning
30932;St. Martin
41332;St. Martin im Mühlkreis
31540;St. Martin-Karlsbach
31541;St. Oswald
30529;St. Pantaleon-Erla
20918;St. Paul im Lavanttal
61425;St. Peter am Kammersberg
30530;St. Peter in der Au
30201;St. Pölten
41420;St. Roman
70347;St. Sigmund im Sellrain
20316;St. Stefan im Gailtal
41346;St. Stefan-Afiesl
70417;St. Ulrich am Pillersee
21008;St. Urban
30531;St. Valentin
20527;St. Veit an der Glan
31412;St. Veit an der Gölsen
70726;St. Veit in Defereggen
40717;St. Wolfgang im Salzkammergut
31649;Staatz
41820;Stadl-Paura
61445;Stadl-Predlitz
10923;Stadtschlaining
61267;Stainach-Pürgg
60350;Stainz
20636;Stall
80125;Stallehr
61624;Stallhofen
70221;Stams
70928;Stans
70626;Stanz bei Landeck
62132;Stanz im Mürztal
70830;Stanzach
60646;Stattegg
31940;Statzendorf
70831;Steeg
40828;Steegen
10414;Stegersbach
70355;Steinach am Brenner
32014;Steinakirchen am Forst
41740;Steinbach am Attersee
40919;Steinbach am Ziehberg
40920;Steinbach an der Steyr
70929;Steinberg am Rofan
10821;Steinberg-Dörfl
10316;Steinbrunn
21009;Steindorf am Ossiacher See
41821;Steinerkirchen an der Traun
20637;Steinfeld
41822;Steinhaus
31228;Stetteldorf am Wagram
31229;Stetten
21010;Steuerberg
40201;Steyr
41624;Steyregg
10415;Stinatz
60647;Stiwoll
20723;Stockenboi
31230;Stockerau
10822;Stoob
31941;Stössing
10321;Stotzing
62390;Straden
61750;Strallegg
31130;Straning-Grafenberg
41741;Straß im Attergau
31346;Straß im Straßertale
70930;Strass im Zillertal
61061;Straß in Steiermark
20530;Straßburg
70729;Strassen
30856;Strasshof an der Nordbahn
50335;Straßwalchen
31347;Stratzing
10416;Strem
30534;Strengberg
70627;Strengen
50336;Strobl
40512;Stroheim
31650;Stronsdorf
62256;Stubenberg
50621;Stuhlfelden
70931;Stumm
70932;Stummerberg
41425;Suben
80420;Sulz
30857;Sulz im Weinviertel
80238;Sulzberg
10720;Tadten
41231;Taiskirchen im Innkreis
50510;Tamsweg
70832;Tannheim
70222;Tarrenz
40443;Tarsdorf
30636;Tattendorf
41426;Taufkirchen an der Pram
40829;Taufkirchen an der Trattnach
50622;Taxenbach
20435;Techelsberg am Wörther See
30637;Teesdorf
70356;Telfes im Stubai
70357;Telfs
70933;Terfens
41517;Ternberg
31839;Ternitz
61446;Teufenbach-Katsch
31551;Texingtal
60648;Thal
50337;Thalgau
41823;Thalheim bei Wels
61751;Thannhausen
70358;Thaur
32217;Thaya
32330;Theresienfeld
70527;Thiersee
31840;Thomasberg
50511;Thomatal
62147;Thörl
80126;Thüringen
80127;Thüringerberg
70731;Thurn
41742;Tiefgraben
62368;Tieschen
61043;Tillmitsch
41743;Timelkam
70628;Tobadill
10417;Tobaj
40830;Tollet
70629;Tösens
61116;Traboch
62148;Tragöß-Sankt Katharein
40620;Tragwein
31413;Traisen
30639;Traiskirchen
31943;Traismauer
31841;Trattenbach
41021;Traun
40718;Traunkirchen
10317;Trausdorf an der Wulka
30726;Trautmannsdorf an der Leitha
20638;Trebesing
20724;Treffen am Ossiacher See
40444;Treubach
61247;Trieben
70359;Trins
70732;Tristach
61120;Trofaiach
30641;Trumau
80128;Tschagguns
10423;Tschanigraben
32134;Tulbing
70360;Tulfes
32135;Tulln an der Donau
31953;Tullnerbach
41232;Tumeltsham
62135;Turnau
31414;Türnitz
70934;Tux
50512;Tweng
60651;Übelbach
40445;Überackern
80421;Übersaxen
70935;Uderns
41342;Ulrichsberg
31651;Ulrichskirchen-Schleinbach
70223;Umhausen
41744;Ungenach
50623;Unken
30939;Unserfrau-Altweitra
41745;Unterach am Attersee
10825;Unterfrauenhaid
10924;Unterkohlstätten
62372;Unterlamm
50513;Unternberg
70361;Unterperfuss
10826;Unterrabnitz-Schwendgraben
30858;Untersiebenbrunn
31652;Unterstinkenbrunn
50422;Untertauern
70733;Untertilliach
10925;Unterwart
40621;Unterweißenbach
40622;Unterweitersdorf
62036;Unzmarkt-Frauenburg
50624;Uttendorf
41233;Utzenaich
70362;Vals
80129;Vandans
60653;Vasoldsberg
20725;Velden am Wörther See
30859;Velm-Götzendorf
41427;Vichtenstein
30536;Viehdorf
50625;Viehhofen
80422;Viktorsberg
20201;Villach
70833;Vils
70734;Virgen
32219;Vitis
41746;Vöcklabruck
41747;Vöcklamarkt
61625;Voitsberg
70365;Volders
20817;Völkermarkt
70364;Völs
70936;Vomp
62278;Vorau
40720;Vorchdorf
70834;Vorderhornbach
61118;Vordernberg
40921;Vorderstoder
41628;Vorderweißenbach
31723;Vösendorf
61045;Wagna
50423;Wagrain
32220;Waidhofen an der Thaya
32221;Waidhofen an der Thaya-Land
30301;Waidhofen an der Ybbs
32331;Waidmannsfeld
70419;Waidring
40831;Waizenkirchen
70529;Walchsee
61119;Wald am Schoberpaß
50626;Wald im Pinzgau
62279;Waldbach-Mönichwald
40623;Waldburg
32332;Waldegg
30940;Waldenstein
32529;Waldhausen
41125;Waldhausen im Strudengau
41626;Walding
41428;Waldkirchen am Wesen
32222;Waldkirchen an der Thaya
41518;Waldneukirchen
41234;Waldzell
40832;Wallern an der Trattnach
10721;Wallern im Burgenland
30538;Wallsee-Sindelburg
32333;Walpersbach
50338;Wals-Siezenheim
32015;Wang
70835;Wängle
40922;Wartberg an der Krems
40624;Wartberg ob der Aist
31843;Warth
31844;Wartmannstetten
70366;Wattenberg
70367;Wattens
70937;Weer
70938;Weerberg
40833;Weibern
10510;Weichselbaum
10722;Weiden am See
30865;Weiden an der March
10926;Weiden bei Rechnitz
30860;Weikendorf
32334;Weikersdorf am Steinfelde
41235;Weilbach
80423;Weiler
31945;Weinburg
10827;Weingraben
60654;Weinitzen
31350;Weinzierl am Walde
50627;Weißbach bei Lofer
70836;Weißenbach am Lech
30645;Weissenbach an der Triesting
41748;Weißenkirchen im Attergau
31351;Weißenkirchen in der Wachau
20639;Weißensee
20726;Weißenstein
41824;Weißkirchen an der Traun
62048;Weißkirchen in Steiermark
50514;Weißpriach
30539;Weistrach
31546;Weiten
20531;Weitensfeld im Gurktal
31129;Weitersfeld
40625;Weitersfelden
30942;Weitra
61766;Weiz
40301;Wels
40834;Wendling
40446;Weng im Innkreis
62262;Wenigzell
70224;Wenns
10823;Weppersdorf
50424;Werfen
50425;Werfenweng
20727;Wernberg
60655;Werndorf
41429;Wernstein am Inn
70420;Westendorf
60341;Wettmannstätten
41522;Weyer
41749;Weyregg am Attersee
90001;Wien
31725;Wiener Neudorf
30401;Wiener Neustadt
31726;Wienerwald
60351;Wies
32016;Wieselburg
32017;Wieselburg-Land
10615;Wiesen
10927;Wiesfleck
70939;Wiesing
32335;Wiesmath
61251;Wildalpen
31653;Wildendürnbach
70368;Wildermieming
61059;Wildon
70530;Wildschönau
31654;Wilfersdorf
31947;Wilhelmsburg
41022;Wilhering
31845;Willendorf
10318;Wimpassing an der Leitha
31846;Wimpassing im Schwarzatale
10723;Winden am See
40626;Windhaag bei Freistadt
41126;Windhaag bei Perg
32223;Windigsteig
40923;Windischgarsten
30541;Winklarn
20640;Winklern
32336;Winzendorf-Muthmannsdorf
41236;Wippenham
31948;Wölbling
10928;Wolfau
41521;Wolfern
32018;Wolfpassing
30542;Wolfsbach
20923;Wolfsberg
41750;Wolfsegg am Hausruck
31954;Wolfsgraben
30728;Wolfsthal
80240;Wolfurt
31655;Wolkersdorf im Weinviertel
32337;Wöllersdorf-Steinabrückl
70531;Wörgl
61252;Wörschach
10419;Wörterberg
10319;Wulkaprodersdorf
31051;Wullersdorf
60656;Wundschuh
31847;Würflach
32139;Würmla
31549;Ybbs an der Donau
30543;Ybbsitz
31552;Yspertal
10323;Zagersdorf
70630;Zams
50515;Zederhaus
30544;Zeillern
32140;Zeiselmauer-Wolfpassing
31550;Zelking-Matzleinsdorf
20441;Zell
41751;Zell am Moos
41752;Zell am Pettenfirst
50628;Zell am See
70940;Zell am Ziller
41430;Zell an der Pram
70941;Zellberg
31052;Zellerndorf
62038;Zeltweg
10618;Zemendorf-Stöttera
31053;Ziersdorf
32338;Zillingdorf
10322;Zillingtal
70369;Zirl
30863;Zistersdorf
31848;Zöbern
70837;Zöblen
10724;Zurndorf
32141;Zwentendorf an der Donau
41627;Zwettl an der Rodl
32530;Zwettl-Niederösterreich
80424;Zwischenwasser
30741;Zwölfaxing
12345;Test1
23456;Test2
34567;Test3
